group,distance_km,latitude,longitude
1,1,45.00546,136.6404
1,3,44.98986,136.65302
1,5,44.97427,136.66565
2,1,45.18806,136.82435
2,3,45.17587,136.84307
2,5,45.16367,136.86179
3,1,45.33854,137.08277
3,3,45.32469,137.09905
3,5,45.31084,137.11534
4,1,45.51123,137.31436
4,3,45.50175,137.33614
4,5,45.49228,137.35793
5,1,45.68548,137.53851
5,3,45.67322,137.55731
5,5,45.66096,137.57611
6,1,45.87883,137.75691
6,3,45.87068,137.77991
6,5,45.86252,137.8029
7,1,46.06906,137.9473
7,3,46.05969,137.96939
7,5,46.05032,137.99149
8,1,46.27342,138.10883
8,3,46.27342,138.13482
8,5,46.27342,138.16081
9,1,46.48048,138.26612
9,3,46.46569,138.28095
9,5,46.45091,138.29578
10,1,46.69636,138.38211
10,3,46.69189,138.40749
10,5,46.68742,138.43286
11,1,46.92152,138.51702
11,3,46.91769,138.54272
11,5,46.91385,138.56842
12,1,47.14589,138.72513
12,3,47.14589,138.75155
12,5,47.14589,138.77797
13,1,47.24743,138.82213
13,3,47.24743,138.84859
13,5,47.24743,138.87506
